macc_mode,cap_scenario,msr_level,year,kau_krw,static_krw,eua_krw,gap_krw,bank_Mt,intake_Mt,release_Mt,abate_Mt,auction_rev_trillion,cbam_cost_trillion
step,base,L0,2026,32275,9862,123000,90725,111.2,0.0,0.0,43.4,1.62,1.387
step,base,L0,2027,34100,11964,132000,97900,121.9,0.0,0.0,47.1,2.234,1.496
step,base,L0,2028,36028,34217,142500,106472,128.1,0.0,0.0,54.8,2.868,1.627
step,base,L0,2029,38065,38197,159000,120935,127.0,0.0,0.0,59.8,3.518,1.848
step,base,L0,2030,40217,54199,178500,138283,114.9,0.0,0.0,61.1,4.181,2.113
step,base,L0,2031,42491,54349,202500,160009,99.5,0.0,0.0,61.1,4.329,2.445
step,base,L0,2032,44894,54497,226500,181606,80.9,0.0,0.0,61.1,4.483,2.775
step,base,L0,2033,47432,54642,250500,203068,59.3,0.0,0.0,61.1,4.641,3.103
step,base,L0,2034,50114,54783,274500,224386,39.2,0.0,0.0,65.7,4.806,3.429
step,base,L0,2035,52947,54922,298500,245553,17.3,0.0,0.0,66.9,4.976,3.753
step,base,L0,2036,55941,61544,322500,266559,16.1,0.0,0.0,90.4,5.152,4.074
step,base,L0,2037,59104,70817,346500,287396,12.0,0.0,0.0,90.4,5.334,4.392
step,base,L0,2038,62446,69688,370500,308054,7.3,0.0,0.0,92.7,5.523,4.708
step,base,L0,2039,65976,68569,394500,328524,0.0,0.0,0.0,92.7,5.719,5.021
step,base,L0,2040,67461,67461,418500,351039,0.0,0.0,0.0,102.7,5.731,5.365
step,base,L1,2026,34804,34152,123000,88196,98.5,5.06,0.0,54.1,1.747,1.348
step,base,L1,2027,36772,39250,132000,95228,93.4,5.82,0.0,54.8,2.41,1.455
step,base,L1,2028,38851,54084,142500,103649,83.7,5.21,0.0,61.1,3.093,1.584
step,base,L1,2029,41048,54574,159000,117952,63.5,4.04,0.0,61.1,3.793,1.803
step,base,L1,2030,43369,60987,178500,135131,33.9,1.62,0.0,61.1,4.509,2.065
step,base,L1,2031,45821,54349,202500,156679,18.5,0.0,0.0,61.1,4.668,2.394
step,base,L1,2032,48411,54497,226500,178089,0.0,0.0,0.0,61.1,4.834,2.722
step,base,L1,2033,49434,49434,250500,201066,0.0,0.0,20.0,62.8,4.837,3.073
step,base,L1,2034,51049,50188,274500,223451,1.1,0.0,20.0,66.9,4.895,3.415
step,base,L1,2035,53935,53987,298500,244565,0.0,0.0,20.0,67.7,5.069,3.738
step,base,L1,2036,54123,54123,322500,268377,0.0,0.0,20.0,71.7,4.985,4.102
step,base,L1,2037,56469,54256,346500,290031,15.9,0.0,20.0,90.4,5.097,4.432
step,base,L1,2038,59662,69688,370500,310838,9.0,0.0,0.0,90.4,5.277,4.75
step,base,L1,2039,63036,67861,394500,331464,8.7,0.0,7.01,92.7,5.464,5.066
step,base,L1,2040,66600,67461,418500,351900,0.0,0.0,0.0,94.0,5.657,5.378
step,base,L2,2026,34263,34448,123000,88737,89.2,9.39,0.0,49.2,1.72,1.356
step,base,L2,2027,36201,49487,132000,95799,81.1,8.86,0.0,54.8,2.372,1.464
step,base,L2,2028,38247,54186,142500,104253,64.6,7.4,0.0,56.6,3.044,1.593
step,base,L2,2029,40410,54593,159000,118590,44.0,4.43,0.0,61.1,3.734,1.812
step,base,L2,2030,42695,54969,178500,135805,15.4,0.73,0.0,61.1,4.439,2.075
step,base,L2,2031,45109,54349,202500,157391,0.0,0.0,0.0,61.1,4.596,2.405
step,base,L2,2032,46425,36364,226500,180075,1.5,0.0,20.0,61.1,4.635,2.752
step,base,L2,2033,49049,49434,250500,201451,0.0,0.0,20.0,61.3,4.8,3.079
step,base,L2,2034,51049,50188,274500,223451,1.1,0.0,20.0,66.9,4.895,3.415
step,base,L2,2035,53935,53987,298500,244565,0.0,0.0,20.0,67.7,5.069,3.738
step,base,L2,2036,54227,54123,322500,268273,2.2,0.0,20.0,73.9,4.994,4.1
step,base,L2,2037,57293,54439,346500,289207,14.2,0.0,16.08,90.4,5.171,4.42
step,base,L2,2038,60532,69688,370500,309968,7.3,0.0,0.0,90.4,5.354,4.737
step,base,L2,2039,63954,68569,394500,330546,0.0,0.0,0.0,92.7,5.544,5.052
step,base,L2,2040,67461,67461,418500,351039,0.0,0.0,0.0,102.7,5.731,5.365
step,base,L3,2026,33960,39553,123000,89040,79.8,14.91,0.0,45.3,1.705,1.361
step,base,L3,2027,35880,53907,132000,96120,68.6,11.96,0.0,54.8,2.351,1.469
step,base,L3,2028,37909,54274,142500,104591,48.5,9.26,0.0,54.8,3.018,1.598
step,base,L3,2029,40052,54593,159000,118948,27.9,4.44,0.0,61.1,3.701,1.818
step,base,L3,2030,42317,54935,178500,136183,0.0,0.0,0.0,61.1,4.399,2.081
step,base,L3,2031,42018,36546,202500,160482,4.6,0.0,20.0,61.1,4.281,2.453
step,base,L3,2032,44394,36364,226500,182106,6.1,0.0,20.0,61.1,4.433,2.783
step,base,L3,2033,46904,49434,250500,203596,4.4,0.0,20.0,61.1,4.59,3.111
step,base,L3,2034,49556,50188,274500,224944,1.9,0.0,20.0,63.2,4.752,3.438
step,base,L3,2035,52358,53987,298500,246142,0.0,0.0,20.0,66.9,4.92,3.762
step,base,L3,2036,54689,54123,322500,267811,12.1,0.0,20.0,83.8,5.037,4.093
step,base,L3,2037,57781,54917,346500,288719,13.9,0.0,5.86,90.4,5.215,4.412
step,base,L3,2038,61048,69688,370500,309452,7.3,0.0,0.0,90.8,5.4,4.729
step,base,L3,2039,64499,68569,394500,330001,0.0,0.0,0.0,92.7,5.591,5.043
step,base,L3,2040,67461,67461,418500,351039,0.0,0.0,0.0,102.7,5.731,5.365
step,base,L3C,2026,33960,39553,123000,89040,79.8,14.91,0.0,45.3,1.705,1.361
step,base,L3C,2027,35880,53907,132000,96120,68.6,11.96,0.0,54.8,2.351,1.469
step,base,L3C,2028,37909,54274,142500,104591,48.5,9.26,0.0,54.8,3.018,1.598
step,base,L3C,2029,40052,54593,159000,118948,27.9,4.44,0.0,61.1,3.701,1.818
step,base,L3C,2030,42317,54935,178500,136183,0.0,0.0,0.0,61.1,4.399,2.081
step,base,L3C,2031,44053,36546,202500,158447,4.6,0.0,20.0,61.1,4.488,2.421
step,base,L3C,2032,46544,36364,226500,179956,6.1,0.0,20.0,61.1,4.647,2.75
step,base,L3C,2033,49175,49434,250500,201325,5.1,0.0,20.0,61.8,4.812,3.077
step,base,L3C,2034,51956,50188,274500,222544,6.2,0.0,20.0,66.9,4.982,3.401
step,base,L3C,2035,54893,54675,298500,243607,10.9,0.0,5.28,88.1,5.159,3.723
step,base,L3C,2036,57997,61544,322500,264503,9.6,0.0,0.0,90.4,5.341,4.042
step,base,L3C,2037,61276,70817,346500,285224,6.3,0.0,0.0,91.2,5.53,4.359
step,base,L3C,2038,64741,69688,370500,305759,1.7,0.0,0.0,92.7,5.726,4.673
step,base,L3C,2039,68401,68569,394500,326099,0.0,0.0,0.0,98.4,5.929,4.984
step,base,L3C,2040,67461,67461,418500,351039,0.0,0.0,0.0,102.7,5.731,5.365
step,base,L4,2026,34355,39706,123000,88645,83.9,16.11,0.0,50.6,1.724,1.355
step,base,L4,2027,36298,54001,132000,95702,70.5,14.14,0.0,54.8,2.378,1.463
step,base,L4,2028,38350,54351,142500,104150,51.3,10.91,0.0,57.4,3.053,1.592
step,base,L4,2029,40518,54681,159000,118482,28.8,6.32,0.0,61.1,3.744,1.811
step,base,L4,2030,42809,54978,178500,135691,0.0,0.92,0.0,61.1,4.451,2.074
step,base,L4,2031,43411,36546,202500,159089,4.6,0.0,20.0,61.1,4.423,2.431
step,base,L4,2032,45866,36364,226500,180634,6.1,0.0,20.0,61.1,4.58,2.761
step,base,L4,2033,48459,49434,250500,202041,4.4,0.0,20.0,61.1,4.742,3.088
step,base,L4,2034,51199,50188,274500,223301,5.5,0.0,20.0,66.9,4.91,3.413
step,base,L4,2035,54093,53987,298500,244407,7.8,0.0,20.0,71.0,5.083,3.735
step,base,L4,2036,57152,54615,322500,265348,16.1,0.0,9.48,90.4,5.264,4.055
step,base,L4,2037,60383,70817,346500,286117,12.0,0.0,0.0,90.4,5.45,4.373
step,base,L4,2038,63797,69688,370500,306703,7.3,0.0,0.0,92.7,5.643,4.687
step,base,L4,2039,67405,68569,394500,327095,0.0,0.0,0.0,92.7,5.843,4.999
step,base,L4,2040,67461,67461,418500,351039,0.0,0.0,0.0,102.7,5.731,5.365
step,base,L_EU,2026,39418,49974,123000,83582,83.9,22.11,0.0,56.5,1.979,1.277
step,base,L_EU,2027,41647,54259,132000,90353,70.8,20.13,0.0,61.1,2.729,1.381
step,base,L_EU,2028,44002,54635,142500,98498,49.3,16.98,0.0,61.1,3.502,1.505
step,base,L_EU,2029,46490,54444,159000,112510,31.9,1.26,0.0,61.1,4.296,1.719
step,base,L_EU,2030,49118,54935,178500,129382,4.4,0.0,0.0,61.6,5.107,1.977
step,base,L_EU,2031,51895,54069,202500,150605,0.0,0.0,6.0,66.1,5.287,2.302
step,base,L_EU,2032,54216,54216,226500,172284,0.0,0.0,6.0,73.7,5.413,2.633
step,base,L_EU,2033,54361,54361,250500,196139,0.0,0.0,6.0,76.8,5.319,2.998
step,base,L_EU,2034,54805,54550,274500,219695,5.5,0.0,5.0,86.3,5.255,3.358
step,base,L_EU,2035,57904,54922,298500,240596,7.1,0.0,0.0,90.4,5.442,3.677
step,base,L_EU,2036,61178,61544,322500,261322,6.5,0.0,0.0,91.0,5.634,3.994
step,base,L_EU,2037,64637,70817,346500,281863,4.6,0.0,0.0,92.7,5.834,4.308
step,base,L_EU,2038,68291,69688,370500,302209,0.0,0.0,0.0,92.7,6.04,4.619
step,base,L_EU,2039,68569,68569,394500,325931,0.0,0.0,0.0,100.0,5.944,4.981
step,base,L_EU,2040,67461,67461,418500,351039,0.0,0.0,0.0,102.7,5.731,5.365
step,base,L_C,2026,35249,24895,123000,87751,104.3,0.0,0.0,54.8,1.769,1.341
step,base,L_C,2027,37242,34809,132000,94758,105.0,0.0,0.0,54.8,2.44,1.448
step,base,L_C,2028,39347,53221,142500,103153,100.5,0.0,0.0,61.1,3.132,1.576
step,base,L_C,2029,41572,54385,159000,117428,84.3,0.0,0.0,61.1,3.842,1.795
step,base,L_C,2030,43923,54935,178500,134577,56.4,0.0,0.0,61.1,4.566,2.057
step,base,L_C,2031,46406,54349,202500,156094,41.0,0.0,0.0,61.1,4.728,2.386
step,base,L_C,2032,49030,54497,226500,177470,22.6,0.0,0.0,61.2,4.896,2.712
step,base,L_C,2033,51802,54642,250500,198698,6.7,0.0,0.0,66.9,5.069,3.037
step,base,L_C,2034,54731,54783,274500,219769,5.6,0.0,0.0,84.7,5.248,3.359
step,base,L_C,2035,57826,54922,298500,240674,7.3,0.0,0.0,90.4,5.434,3.678
step,base,L_C,2036,61095,61544,322500,261405,6.5,0.0,0.0,90.9,5.627,3.995
step,base,L_C,2037,64549,70817,346500,281951,4.6,0.0,0.0,92.7,5.826,4.309
step,base,L_C,2038,68199,69688,370500,302301,0.0,0.0,0.0,92.7,6.032,4.62
step,base,L_C,2039,68569,68569,394500,325931,0.0,0.0,0.0,100.0,5.944,4.981
step,base,L_C,2040,67461,67461,418500,351039,0.0,0.0,0.0,102.7,5.731,5.365
step,base,L_QB,2026,43921,24895,123000,79079,110.6,0.0,0.0,61.1,2.205,1.209
step,base,L_QB,2027,46404,34809,132000,85596,117.6,0.0,0.0,61.1,3.041,1.308
step,base,L_QB,2028,49028,53221,142500,93472,113.2,0.0,0.0,61.2,3.903,1.428
step,base,L_QB,2029,51800,54385,159000,107200,100.8,0.0,0.0,64.9,4.787,1.638
step,base,L_QB,2030,54729,54935,178500,123771,96.4,0.0,0.0,84.6,5.69,1.892
step,base,L_QB,2031,57823,54349,202500,144677,110.3,0.0,0.0,90.4,5.891,2.211
step,base,L_QB,2032,61093,54497,226500,165407,121.5,0.0,0.0,90.9,6.1,2.528
step,base,L_QB,2033,64547,54642,250500,185953,131.4,0.0,0.0,92.7,6.316,2.842
step,base,L_QB,2034,68196,54783,274500,206304,138.3,0.0,0.0,92.7,6.54,3.153
step,base,L_QB,2035,72052,153876,298500,226448,95.2,46.99,0.0,92.7,6.771,3.461
step,base,L_QB,2036,76126,150507,322500,246374,63.9,46.05,0.0,106.4,7.011,3.765
step,base,L_QB,2037,80430,144574,346500,266070,30.6,45.13,0.0,106.4,7.259,4.066
step,base,L_QB,2038,84978,111088,370500,285522,14.0,44.22,0.0,124.8,7.516,4.364
step,base,L_QB,2039,89783,109771,394500,304717,0.0,43.34,0.0,129.4,7.782,4.657
step,base,L_QB,2040,89767,89767,418500,328733,0.0,42.47,0.0,145.2,7.625,5.024
step,middle,L0,2026,40862,9862,123000,82138,128.9,0.0,0.0,61.1,2.051,1.255
step,middle,L0,2027,43172,14781,132000,88828,151.7,0.0,0.0,61.1,2.996,1.358
step,middle,L0,2028,45613,34478,142500,96887,160.2,0.0,0.0,61.1,3.962,1.481
step,middle,L0,2029,48192,51233,159000,110808,155.5,0.0,0.0,61.1,4.955,1.693
step,middle,L0,2030,50917,54479,178500,127583,143.1,0.0,0.0,66.9,5.963,1.95
step,middle,L0,2031,53796,54831,202500,148704,123.2,0.0,0.0,66.9,6.49,2.273
step,middle,L0,2032,56837,69221,226500,169663,119.1,0.0,0.0,90.4,7.032,2.593
step,middle,L0,2033,60051,67117,250500,190449,108.4,0.0,0.0,90.4,7.608,2.911
step,middle,L0,2034,63446,78667,274500,211054,93.0,0.0,0.0,92.7,8.2,3.225
step,middle,L0,2035,67034,83257,298500,231466,84.5,0.0,0.0,106.4,8.807,3.537
step,middle,L0,2036,70824,94145,322500,251676,71.0,0.0,0.0,107.5,9.455,3.846
step,middle,L0,2037,74828,93329,346500,271672,54.2,0.0,0.0,110.4,9.9,4.152
step,middle,L0,2038,79059,92344,370500,291441,31.3,0.0,0.0,110.4,10.351,4.454
step,middle,L0,2039,83529,91052,394500,310971,13.8,0.0,0.0,122.3,10.805,4.752
step,middle,L0,2040,88252,89762,418500,330248,0.0,0.0,0.0,131.3,11.298,5.047
step,middle,L1,2026,43579,34163,123000,79421,105.4,5.06,0.0,61.1,2.187,1.214
step,middle,L1,2027,46043,49445,132000,85957,103.7,6.65,0.0,61.1,3.195,1.314
step,middle,L1,2028,48646,54328,142500,93854,88.8,6.44,0.0,61.1,4.226,1.434
step,middle,L1,2029,51397,54834,159000,107603,68.1,4.65,0.0,66.2,5.284,1.644
step,middle,L1,2030,54303,75406,178500,124197,46.5,2.17,0.0,75.5,6.36,1.898
step,middle,L1,2031,57373,54831,202500,145127,50.1,0.0,0.0,90.4,6.922,2.218
step,middle,L1,2032,60617,69223,226500,165883,46.1,0.01,0.0,90.4,7.5,2.535
step,middle,L1,2033,64044,67117,250500,186456,37.6,0.0,0.0,92.7,8.113,2.85
step,middle,L1,2034,67666,78667,274500,206834,35.9,0.0,0.0,106.4,8.745,3.161
step,middle,L1,2035,71491,83257,298500,227009,27.4,0.0,0.0,106.4,9.393,3.469
step,middle,L1,2036,75534,94145,322500,246966,16.8,0.0,0.0,110.4,10.084,3.774
step,middle,L1,2037,79804,93329,346500,266696,0.0,0.0,0.0,110.4,10.559,4.076
step,middle,L1,2038,82667,82667,370500,287833,0.0,0.0,20.0,113.4,10.823,4.399
step,middle,L1,2039,83266,83266,394500,311234,0.0,0.0,20.0,119.7,10.771,4.756
step,middle,L1,2040,83487,83487,418500,335013,0.0,0.0,20.0,125.1,10.688,5.12
step,middle,L2,2026,44578,34456,123000,78422,101.1,9.39,0.0,61.1,2.238,1.198
step,middle,L2,2027,47099,53911,132000,84901,95.0,10.99,0.0,61.1,3.269,1.298
step,middle,L2,2028,49762,54490,142500,92738,79.5,9.91,0.0,64.0,4.322,1.417
step,middle,L2,2029,52575,54949,159000,106425,57.1,7.11,0.0,66.9,5.406,1.626
step,middle,L2,2030,55548,75507,178500,122952,49.5,3.08,0.0,90.4,6.506,1.879
step,middle,L2,2031,58689,54911,202500,143811,51.4,1.71,0.0,90.4,7.08,2.198
step,middle,L2,2032,62007,69432,226500,164493,47.4,2.05,0.0,92.5,7.672,2.514
step,middle,L2,2033,65513,67248,250500,184987,37.6,1.33,0.0,92.7,8.299,2.827
step,middle,L2,2034,69217,78667,274500,205283,35.9,0.0,0.0,106.4,8.946,3.137
step,middle,L2,2035,73130,83257,298500,225370,27.4,0.0,0.0,106.4,9.608,3.444
step,middle,L2,2036,77265,94145,322500,245235,16.8,0.0,0.0,110.4,10.315,3.748
step,middle,L2,2037,81634,93329,346500,264866,0.0,0.0,0.0,110.4,10.801,4.048
step,middle,L2,2038,82667,82667,370500,287833,0.0,0.0,20.0,113.4,10.823,4.399
step,middle,L2,2039,83266,83266,394500,311234,0.0,0.0,20.0,119.7,10.771,4.756
step,middle,L2,2040,83487,83487,418500,335013,0.0,0.0,20.0,125.1,10.688,5.12
step,middle,L3,2026,41439,39570,123000,81561,95.5,14.91,0.0,61.1,2.08,1.246
step,middle,L3,2027,43782,54133,132000,88218,84.8,15.73,0.0,61.1,3.038,1.348
step,middle,L3,2028,46257,54641,142500,96243,63.1,13.14,0.0,61.1,4.018,1.471
step,middle,L3,2029,48873,54988,159000,110127,34.1,7.95,0.0,61.1,5.025,1.683
step,middle,L3,2030,51636,75331,178500,126864,4.6,1.5,0.0,66.9,6.047,1.939
step,middle,L3,2031,54555,49976,202500,147945,18.7,0.0,20.0,80.9,6.582,2.261
step,middle,L3,2032,57640,54925,226500,168860,20.3,0.38,6.0,90.4,7.131,2.581
step,middle,L3,2033,60899,66556,250500,189601,15.3,0.31,6.0,90.5,7.715,2.898
step,middle,L3,2034,64342,64421,274500,210158,14.4,0.04,7.0,100.2,8.316,3.212
step,middle,L3,2035,67980,74375,298500,230520,13.8,0.11,8.0,106.4,8.932,3.523
step,middle,L3,2036,71824,82426,322500,250676,13.0,0.03,10.0,110.3,9.588,3.831
step,middle,L3,2037,75885,82857,346500,270615,9.1,0.0,12.8,110.4,10.04,4.136
step,middle,L3,2038,80175,83377,370500,290325,0.0,0.0,13.9,110.4,10.497,4.437
step,middle,L3,2039,83601,83601,394500,310899,0.0,0.0,16.7,123.0,10.815,4.751
step,middle,L3,2040,88255,88255,418500,330245,0.0,0.0,13.81,131.3,11.298,5.047
step,middle,L3C,2026,43579,39570,123000,79421,95.5,14.91,0.0,61.1,2.187,1.214
step,middle,L3C,2027,46043,54133,132000,85957,84.8,15.73,0.0,61.1,3.195,1.314
step,middle,L3C,2028,48647,54641,142500,93853,63.1,13.14,0.0,61.1,4.226,1.434
step,middle,L3C,2029,51397,54993,159000,107603,39.1,8.05,0.0,66.2,5.284,1.644
step,middle,L3C,2030,54303,75358,178500,124197,17.9,1.73,0.0,75.5,6.36,1.898
step,middle,L3C,2031,57373,54185,202500,145127,35.3,0.2,14.0,90.4,6.922,2.218
step,middle,L3C,2032,60617,69348,226500,165883,30.1,1.23,0.0,90.4,7.5,2.535
step,middle,L3C,2033,64045,67193,250500,186455,20.8,0.78,0.0,92.7,8.113,2.85
step,middle,L3C,2034,67666,64144,274500,206834,29.0,0.12,10.0,106.4,8.745,3.161
step,middle,L3C,2035,71492,83126,298500,227008,21.1,0.36,1.0,106.4,9.393,3.469
step,middle,L3C,2036,75534,83237,322500,246966,15.5,0.0,5.0,110.4,10.084,3.774
step,middle,L3C,2037,79805,93122,346500,266695,0.0,0.0,1.26,110.4,10.559,4.076
step,middle,L3C,2038,82783,82783,370500,287717,0.0,0.0,19.0,114.4,10.839,4.397
step,middle,L3C,2039,83728,83667,394500,310772,0.6,0.0,16.06,124.2,10.831,4.749
step,middle,L3C,2040,88462,88527,418500,330038,0.0,0.0,11.32,133.2,11.325,5.044
step,middle,L4,2026,41759,39723,123000,81241,94.3,16.11,0.0,61.1,2.096,1.242
step,middle,L4,2027,44120,54176,132000,87880,82.7,16.64,0.0,61.1,3.062,1.343
step,middle,L4,2028,46615,54674,142500,95885,60.3,13.84,0.0,61.1,4.049,1.465
step,middle,L4,2029,49250,61008,159000,109750,31.7,8.48,0.0,62.1,5.064,1.677
step,middle,L4,2030,52035,75387,178500,126465,1.7,2.0,0.0,66.9,6.094,1.933
step,middle,L4,2031,54977,49976,202500,147523,24.8,0.0,20.0,89.9,6.632,2.255
step,middle,L4,2032,58086,61266,226500,168414,24.1,0.72,4.0,90.4,7.186,2.574
step,middle,L4,2033,61370,66882,250500,189130,16.6,0.62,3.0,91.4,7.775,2.89
step,middle,L4,2034,64840,64519,274500,209660,20.0,0.08,6.0,105.5,8.38,3.204
step,middle,L4,2035,68506,74862,298500,229994,18.0,0.4,7.0,106.4,9.001,3.515
step,middle,L4,2036,72379,82683,322500,250121,15.8,0.28,8.68,110.4,9.663,3.822
step,middle,L4,2037,76472,83025,346500,270028,10.6,0.11,11.68,110.4,10.118,4.127
step,middle,L4,2038,80795,83556,370500,289705,0.0,0.0,12.36,110.4,10.578,4.427
step,middle,L4,2039,83764,83764,394500,310736,0.0,0.0,15.1,124.6,10.836,4.749
step,middle,L4,2040,88429,88429,418500,330071,0.0,0.0,12.22,132.9,11.32,5.044
step,middle,L_EU,2026,45072,53902,123000,77928,88.3,22.11,0.0,61.1,2.262,1.191
step,middle,L_EU,2027,47620,54389,132000,84380,72.1,21.2,0.0,61.1,3.305,1.29
step,middle,L_EU,2028,50313,54836,142500,92187,50.1,17.3,0.0,64.9,4.37,1.409
step,middle,L_EU,2029,53158,54714,159000,105842,32.7,2.08,0.0,66.9,5.465,1.618
step,middle,L_EU,2030,56163,75164,178500,122337,28.2,0.0,0.0,90.4,6.578,1.87
step,middle,L_EU,2031,59339,54831,202500,143161,31.8,0.0,0.0,90.4,7.159,2.188
step,middle,L_EU,2032,62694,69221,226500,163806,30.0,0.0,0.0,92.7,7.757,2.503
step,middle,L_EU,2033,66238,67117,250500,184262,21.5,0.0,0.0,92.7,8.391,2.816
step,middle,L_EU,2034,69984,64512,274500,204516,25.9,0.0,6.0,106.4,9.045,3.126
step,middle,L_EU,2035,73941,83256,298500,224559,17.3,0.0,0.0,106.4,9.715,3.432
step,middle,L_EU,2036,78121,83074,322500,244379,12.7,0.0,6.0,110.4,10.429,3.735
step,middle,L_EU,2037,82538,83781,346500,263962,3.5,0.0,6.0,112.0,10.92,4.034
step,middle,L_EU,2038,87205,91640,370500,283295,0.0,0.0,5.0,124.8,11.418,4.329
step,middle,L_EU,2039,91051,91051,394500,303449,0.0,0.0,0.0,139.7,11.779,4.637
step,middle,L_EU,2040,89762,89762,418500,328738,0.0,0.0,0.0,145.1,11.491,5.024
step,middle,L_C,2026,43405,24916,123000,79595,110.4,0.0,0.0,61.1,2.179,1.216
step,middle,L_C,2027,45859,38385,132000,86141,115.4,0.0,0.0,61.1,3.182,1.316
step,middle,L_C,2028,48452,54027,142500,94048,106.9,0.0,0.0,61.1,4.209,1.437
step,middle,L_C,2029,51191,54616,159000,107809,90.5,0.0,0.0,65.8,5.263,1.648
step,middle,L_C,2030,54085,75164,178500,124415,66.4,0.0,0.0,70.9,6.334,1.901
step,middle,L_C,2031,57143,54831,202500,145357,70.0,0.0,0.0,90.4,6.894,2.221
step,middle,L_C,2032,60374,69221,226500,166126,66.0,0.0,0.0,90.4,7.47,2.539
step,middle,L_C,2033,63788,67117,250500,186712,57.5,0.0,0.0,92.7,8.081,2.853
step,middle,L_C,2034,67395,78667,274500,207105,55.9,0.0,0.0,106.4,8.71,3.165
step,middle,L_C,2035,71205,83257,298500,227295,47.3,0.0,0.0,106.4,9.355,3.474
step,middle,L_C,2036,75231,94145,322500,247269,36.7,0.0,0.0,110.4,10.043,3.779
step,middle,L_C,2037,79485,93329,346500,267015,19.9,0.0,0.0,110.4,10.516,4.081
step,middle,L_C,2038,83979,92344,370500,286521,11.2,0.0,0.0,124.7,10.995,4.379
step,middle,L_C,2039,88727,91052,394500,305773,0.0,0.0,0.0,128.5,11.478,4.673
step,middle,L_C,2040,89762,89762,418500,328738,0.0,0.0,0.0,145.1,11.491,5.024
step,middle,L_QB,2026,66439,24916,123000,56561,142.0,0.0,0.0,92.7,3.335,0.864
step,middle,L_QB,2027,70195,38385,132000,61805,178.5,0.0,0.0,92.7,4.871,0.945
step,middle,L_QB,2028,74164,54027,142500,68336,201.6,0.0,0.0,92.7,6.442,1.044
step,middle,L_QB,2029,78358,54616,159000,80642,214.8,0.0,0.0,95.5,8.056,1.232
step,middle,L_QB,2030,82788,75164,178500,95712,226.3,0.0,0.0,106.4,9.696,1.463
step,middle,L_QB,2031,87469,54831,202500,115031,246.8,0.0,0.0,107.4,10.552,1.758
step,middle,L_QB,2032,92414,69221,226500,134086,264.7,0.0,0.0,112.4,11.434,2.049
step,middle,L_QB,2033,97640,67117,250500,152860,278.0,0.0,0.0,114.4,12.369,2.336
step,middle,L_QB,2034,103160,78667,274500,171340,293.1,0.0,0.0,123.1,13.332,2.619
step,middle,L_QB,2035,108993,299432,298500,189507,239.3,65.69,0.0,126.8,14.32,2.896
step,middle,L_QB,2036,115156,323624,322500,207344,184.8,66.75,0.0,133.3,15.373,3.169
step,middle,L_QB,2037,121667,347573,346500,224833,132.3,66.15,0.0,140.8,16.097,3.436
step,middle,L_QB,2038,128546,371523,370500,241954,88.7,65.46,0.0,155.3,16.83,3.698
step,middle,L_QB,2039,135814,395473,394500,258686,44.4,64.68,0.0,160.0,17.569,3.953
step,middle,L_QB,2040,143493,419301,418500,275007,0.0,64.01,0.0,164.8,18.369,4.203
step,ideal,L0,2026,124578,9862,123000,-1578,216.0,0.0,0.0,148.2,1.579,0.0
step,ideal,L0,2027,131622,34203,132000,378,302.9,0.0,0.0,135.3,3.139,0.006
step,ideal,L0,2028,139064,54119,142500,3436,350.1,0.0,0.0,118.8,6.23,0.053
step,ideal,L0,2029,146926,73606,159000,12074,364.8,0.0,0.0,110.5,13.818,0.185
step,ideal,L0,2030,155234,144714,178500,23266,365.7,0.0,0.0,120.2,29.287,0.356
step,ideal,L0,2031,164011,199296,202500,38489,356.4,0.0,0.0,123.6,37.017,0.588
step,ideal,L0,2032,173284,225134,226500,53216,338.0,0.0,0.0,127.0,44.832,0.813
step,ideal,L0,2033,183081,250032,250500,67419,311.5,0.0,0.0,131.7,52.588,1.03
step,ideal,L0,2034,193433,274868,274500,81067,276.9,0.0,0.0,136.4,61.125,1.239
step,ideal,L0,2035,204370,299795,298500,94130,235.1,0.0,0.0,141.2,61.107,1.439
step,ideal,L0,2036,215925,324513,322500,106575,192.6,0.0,0.0,150.6,61.323,1.629
step,ideal,L0,2037,228133,349173,346500,118367,146.6,0.0,0.0,156.1,61.596,1.809
step,ideal,L0,2038,241032,373742,370500,129468,98.3,0.0,0.0,162.1,61.945,1.979
step,ideal,L0,2039,254660,398478,394500,139840,49.9,0.0,0.0,170.3,62.137,2.137
step,ideal,L0,2040,269059,423074,418500,149441,0.0,0.0,0.0,176.2,62.422,2.284
step,ideal,L1,2026,180185,34227,123000,-57185,218.6,5.06,0.0,175.2,2.284,0.0
step,ideal,L1,2027,190373,54830,132000,-58373,307.0,20.24,0.0,175.2,4.54,0.0
step,ideal,L1,2028,201136,139261,142500,-58636,362.7,30.84,0.0,175.2,9.011,0.0
step,ideal,L1,2029,212509,159238,159000,-53509,388.6,37.53,0.0,175.2,19.986,0.0
step,ideal,L1,2030,224524,188067,178500,-46024,389.1,40.63,0.0,175.2,42.36,0.0
step,ideal,L1,2031,237219,207066,202500,-34719,394.2,40.69,0.0,178.6,53.54,0.0
step,ideal,L1,2032,250631,50000000,226500,-24131,390.1,41.3,0.0,182.7,64.843,0.0
step,ideal,L1,2033,264802,50000000,250500,-14302,381.2,40.81,0.0,190.1,76.062,0.0
step,ideal,L1,2034,279774,50000000,274500,-5274,362.8,39.75,0.0,192.3,88.409,0.0
step,ideal,L1,2035,295593,50000000,298500,2907,299.6,37.53,0.0,157.3,88.382,0.044
step,ideal,L1,2036,312306,50000000,322500,10194,229.7,29.95,0.0,153.1,88.695,0.156
step,ideal,L1,2037,329964,50000000,346500,16536,164.6,21.56,0.0,158.6,89.09,0.253
step,ideal,L1,2038,348620,50000000,370500,21880,104.9,13.75,0.0,164.5,89.595,0.334
step,ideal,L1,2039,368332,409358,394500,26168,49.9,6.59,0.0,170.3,89.873,0.4
step,ideal,L1,2040,389157,423074,418500,29343,0.0,0.0,0.0,176.2,90.284,0.448
step,ideal,L2,2026,189328,34524,123000,-66328,214.3,9.39,0.0,175.2,2.4,0.0
step,ideal,L2,2027,200033,83557,132000,-68033,291.6,31.37,0.0,175.2,4.771,0.0
step,ideal,L2,2028,211343,141918,142500,-68843,332.8,45.28,0.0,175.2,9.468,0.0
step,ideal,L2,2029,223293,161844,159000,-64293,343.5,52.71,0.0,175.2,21.001,0.0
step,ideal,L2,2030,235918,50000000,178500,-57418,330.0,54.63,0.0,175.2,44.509,0.0
step,ideal,L2,2031,249257,50000000,202500,-46757,323.9,52.2,0.0,179.0,56.257,0.0
step,ideal,L2,2032,263350,50000000,226500,-36850,310.1,51.1,0.0,182.7,68.134,0.0
step,ideal,L2,2033,278240,50000000,250500,-27740,293.4,48.61,0.0,190.1,79.922,0.0
step,ideal,L2,2034,293972,50000000,274500,-19472,272.8,45.61,0.0,196.0,92.895,0.0
step,ideal,L2,2035,310593,50000000,298500,-12093,249.6,41.9,0.0,201.7,92.867,0.0
step,ideal,L2,2036,328154,50000000,322500,-5654,223.5,37.74,0.0,204.7,93.196,0.0
step,ideal,L2,2037,346708,50000000,346500,-208,175.9,33.04,0.0,187.5,93.611,0.0
step,ideal,L2,2038,366311,50000000,370500,4189,111.5,24.46,0.0,170.5,94.142,0.064
step,ideal,L2,2039,387023,50000000,394500,7477,51.6,12.88,0.0,171.6,94.434,0.114
step,ideal,L2,2040,408905,424212,418500,9595,0.0,2.08,0.0,176.6,94.866,0.147
step,ideal,L3,2026,191805,39674,123000,-68805,208.8,14.91,0.0,175.2,2.431,0.0
step,ideal,L3,2027,202649,111084,132000,-70649,274.5,42.91,0.0,175.2,4.833,0.0
step,ideal,L3,2028,214107,143929,142500,-71607,302.4,58.68,0.0,175.2,9.592,0.0
step,ideal,L3,2029,226213,167708,159000,-67213,303.1,62.7,0.0,175.2,21.275,0.0
step,ideal,L3,2030,239003,50000000,178500,-60503,285.8,58.35,0.0,175.2,45.092,0.0
step,ideal,L3,2031,252517,50000000,202500,-50017,276.4,55.5,0.0,179.0,56.993,0.0
step,ideal,L3,2032,266794,50000000,226500,-40294,261.1,52.8,0.0,182.9,69.025,0.0
step,ideal,L3,2033,281879,50000000,250500,-31379,242.9,50.1,0.0,190.1,80.967,0.0
step,ideal,L3,2034,297816,50000000,274500,-23316,220.5,47.4,0.0,196.0,94.11,0.0
step,ideal,L3,2035,314655,50000000,298500,-16155,194.5,44.85,0.0,201.9,94.082,0.0
step,ideal,L3,2036,332446,50000000,322500,-9946,169.4,39.5,0.0,207.4,94.415,0.0
step,ideal,L3,2037,351242,50000000,346500,-4742,142.7,33.44,0.0,208.9,94.835,0.0
step,ideal,L3,2038,371102,50000000,370500,-602,101.3,27.03,0.0,196.1,95.373,0.0
step,ideal,L3,2039,392084,50000000,394500,2416,48.5,17.11,0.0,183.0,95.669,0.037
step,ideal,L3,2040,414253,427392,418500,4247,0.0,4.43,0.0,182.1,96.107,0.065
step,ideal,L3C,2026,191805,39674,123000,-68805,208.8,14.91,0.0,175.2,2.431,0.0
step,ideal,L3C,2027,202649,111084,132000,-70649,274.5,42.91,0.0,175.2,4.833,0.0
step,ideal,L3C,2028,214107,143929,142500,-71607,302.4,58.68,0.0,175.2,9.592,0.0
step,ideal,L3C,2029,226213,167708,159000,-67213,303.1,62.7,0.0,175.2,21.275,0.0
step,ideal,L3C,2030,239003,50000000,178500,-60503,285.8,58.35,0.0,175.2,45.092,0.0
step,ideal,L3C,2031,252517,50000000,202500,-50017,276.4,55.5,0.0,179.0,56.993,0.0
step,ideal,L3C,2032,266794,50000000,226500,-40294,261.1,52.8,0.0,182.9,69.025,0.0
step,ideal,L3C,2033,281879,50000000,250500,-31379,242.9,50.1,0.0,190.1,80.967,0.0
step,ideal,L3C,2034,297816,50000000,274500,-23316,220.5,47.4,0.0,196.0,94.11,0.0
step,ideal,L3C,2035,314655,50000000,298500,-16155,194.5,44.85,0.0,201.9,94.082,0.0
step,ideal,L3C,2036,332446,50000000,322500,-9946,169.4,39.5,0.0,207.4,94.415,0.0
step,ideal,L3C,2037,351242,50000000,346500,-4742,142.7,33.44,0.0,208.9,94.835,0.0
step,ideal,L3C,2038,371102,50000000,370500,-602,101.3,27.03,0.0,196.1,95.373,0.0
step,ideal,L3C,2039,392084,50000000,394500,2416,48.5,17.11,0.0,183.0,95.669,0.037
step,ideal,L3C,2040,414253,427392,418500,4247,0.0,4.43,0.0,182.1,96.107,0.065
step,ideal,L4,2026,191995,39826,123000,-68995,207.6,16.11,0.0,175.2,2.434,0.0
step,ideal,L4,2027,202851,111592,132000,-70851,272.4,43.82,0.0,175.2,4.838,0.0
step,ideal,L4,2028,214320,144045,142500,-71820,299.6,59.37,0.0,175.2,9.602,0.0
step,ideal,L4,2029,226438,167708,159000,-67438,300.3,62.7,0.0,175.2,21.296,0.0
step,ideal,L4,2030,239241,50000000,178500,-60741,283.0,58.35,0.0,175.2,45.136,0.0
step,ideal,L4,2031,252768,50000000,202500,-50268,273.6,55.5,0.0,179.0,57.05,0.0
step,ideal,L4,2032,267059,50000000,226500,-40559,258.3,52.8,0.0,182.9,69.094,0.0
step,ideal,L4,2033,282159,50000000,250500,-31659,240.2,50.1,0.0,190.1,81.047,0.0
step,ideal,L4,2034,298112,50000000,274500,-23612,217.8,47.4,0.0,196.0,94.203,0.0
step,ideal,L4,2035,314968,50000000,298500,-16468,191.8,44.85,0.0,201.9,94.175,0.0
step,ideal,L4,2036,332776,50000000,322500,-10276,166.1,40.04,0.0,207.4,94.508,0.0
step,ideal,L4,2037,351592,50000000,346500,-5092,139.7,33.87,0.0,209.6,94.93,0.0
step,ideal,L4,2038,371471,50000000,370500,-971,100.3,27.52,0.0,198.5,95.468,0.0
step,ideal,L4,2039,392474,50000000,394500,2026,48.5,18.07,0.0,185.0,95.764,0.031
step,ideal,L4,2040,414665,50000000,418500,3835,0.0,5.64,0.0,183.2,96.202,0.059
step,ideal,L_EU,2026,192501,53937,123000,-69501,201.6,22.11,0.0,175.2,2.44,0.0
step,ideal,L_EU,2027,203385,127187,132000,-71385,261.8,48.38,0.0,175.2,4.851,0.0
step,ideal,L_EU,2028,214885,144666,142500,-72385,285.5,62.84,0.0,175.2,9.627,0.0
step,ideal,L_EU,2029,227034,167710,159000,-68034,286.2,62.7,0.0,175.2,21.353,0.0
step,ideal,L_EU,2030,239871,50000000,178500,-61371,269.0,58.35,0.0,175.2,45.255,0.0
step,ideal,L_EU,2031,253433,50000000,202500,-50933,259.6,55.5,0.0,179.0,57.2,0.0
step,ideal,L_EU,2032,267763,50000000,226500,-41263,244.5,52.8,0.0,183.1,69.276,0.0
step,ideal,L_EU,2033,282902,50000000,250500,-32402,226.4,50.1,0.0,190.1,81.261,0.0
step,ideal,L_EU,2034,298898,50000000,274500,-24398,203.9,47.4,0.0,196.0,94.452,0.0
step,ideal,L_EU,2035,315798,50000000,298500,-17298,178.0,44.85,0.0,201.9,94.423,0.0
step,ideal,L_EU,2036,333653,50000000,322500,-11153,149.9,42.6,0.0,207.5,94.757,0.0
step,ideal,L_EU,2037,352518,50000000,346500,-6018,122.8,35.98,0.0,211.0,95.18,0.0
step,ideal,L_EU,2038,372449,50000000,370500,-1949,87.3,29.46,0.0,204.4,95.72,0.0
step,ideal,L_EU,2039,393508,50000000,394500,992,38.8,20.95,0.0,191.1,96.016,0.015
step,ideal,L_EU,2040,415757,423074,418500,2743,0.0,0.0,0.0,187.3,96.456,0.042
step,ideal,L_C,2026,129343,33830,123000,-6343,211.7,0.0,0.0,163.2,1.639,0.0
step,ideal,L_C,2027,136657,53168,132000,-4657,305.6,0.0,0.0,160.5,3.259,0.0
step,ideal,L_C,2028,144383,54917,142500,-1883,366.9,0.0,0.0,150.0,6.468,0.0
step,ideal,L_C,2029,152547,149825,159000,6453,377.2,0.0,0.0,122.1,14.347,0.099
step,ideal,L_C,2030,161172,176334,178500,17328,363.3,0.0,0.0,120.2,30.407,0.265
step,ideal,L_C,2031,170285,199296,202500,32215,354.1,0.0,0.0,123.6,38.433,0.492
step,ideal,L_C,2032,179913,225134,226500,46587,335.6,0.0,0.0,127.0,46.547,0.712
step,ideal,L_C,2033,190085,250032,250500,60415,309.2,0.0,0.0,131.7,54.6,0.923
step,ideal,L_C,2034,200833,274868,274500,73667,274.6,0.0,0.0,136.4,63.463,1.126
step,ideal,L_C,2035,212188,299795,298500,86312,232.7,0.0,0.0,141.2,63.444,1.319
step,ideal,L_C,2036,224185,324513,322500,98315,190.3,0.0,0.0,150.6,63.669,1.503
step,ideal,L_C,2037,236861,349173,346500,109639,144.2,0.0,0.0,156.1,63.952,1.676
step,ideal,L_C,2038,250253,373742,370500,120247,98.3,0.0,0.0,164.5,64.315,1.838
step,ideal,L_C,2039,264402,398478,394500,130098,49.9,0.0,0.0,170.3,64.514,1.988
step,ideal,L_C,2040,279352,423074,418500,139148,0.0,0.0,0.0,176.2,64.81,2.127
step,ideal,L_QB,2026,192660,33830,123000,-69660,223.7,0.0,0.0,175.2,2.442,0.0
step,ideal,L_QB,2027,203553,53168,132000,-71553,332.3,0.0,0.0,175.2,4.855,0.0
step,ideal,L_QB,2028,215062,54917,142500,-72562,418.9,0.0,0.0,175.2,9.635,0.0
step,ideal,L_QB,2029,227221,149825,159000,-68221,482.3,0.0,0.0,175.2,21.37,0.0
step,ideal,L_QB,2030,240069,176334,178500,-61569,523.4,0.0,0.0,175.2,45.293,0.0
step,ideal,L_QB,2031,253642,199296,202500,-51142,569.5,0.0,0.0,179.0,57.247,0.0
step,ideal,L_QB,2032,267983,225134,226500,-41483,607.2,0.0,0.0,183.2,69.333,0.0
step,ideal,L_QB,2033,283135,250032,250500,-32635,639.2,0.0,0.0,190.1,81.328,0.0
step,ideal,L_QB,2034,299144,274868,274500,-24644,664.2,0.0,0.0,196.0,94.53,0.0
step,ideal,L_QB,2035,316058,50000000,298500,-17558,533.6,149.5,0.0,201.9,94.501,0.0
step,ideal,L_QB,2036,333928,50000000,322500,-11428,406.1,142.0,0.0,207.6,94.836,0.0
step,ideal,L_QB,2037,352808,50000000,346500,-6308,280.3,135.0,0.0,211.3,95.258,0.0
step,ideal,L_QB,2038,372756,50000000,370500,-2256,147.4,128.5,0.0,206.0,95.798,0.0
step,ideal,L_QB,2039,393832,50000000,394500,668,0.0,122.0,0.0,193.3,96.095,0.01
step,ideal,L_QB,2040,50000000,50000000,418500,-49581500,0.0,116.0,0.0,231.2,11600.0,0.0
exponential,base,L0,2026,8841,8860,123000,114159,92.0,0.0,0.0,24.2,0.444,1.745
exponential,base,L0,2027,9341,9929,132000,122659,86.6,0.0,0.0,31.0,0.612,1.875
exponential,base,L0,2028,9869,11073,142500,132631,76.0,0.0,0.0,37.9,0.786,2.027
exponential,base,L0,2029,10427,12298,159000,148573,60.1,0.0,0.0,45.1,0.964,2.271
exponential,base,L0,2030,11016,13675,178500,167484,39.4,0.0,0.0,52.6,1.145,2.56
exponential,base,L0,2031,11639,13816,202500,190861,23.0,0.0,0.0,60.1,1.186,2.917
exponential,base,L0,2032,12297,13949,226500,214203,10.9,0.0,0.0,67.6,1.228,3.274
exponential,base,L0,2033,12993,14075,250500,237507,3.2,0.0,0.0,75.1,1.271,3.63
exponential,base,L0,2034,13727,14192,274500,260773,0.0,0.0,0.0,82.6,1.316,3.985
exponential,base,L0,2035,14300,14300,298500,284200,0.0,0.0,0.0,88.8,1.344,4.343
exponential,base,L0,2036,14400,14400,322500,308100,0.0,0.0,0.0,91.7,1.326,4.709
exponential,base,L0,2037,14492,14492,346500,332008,0.0,0.0,0.0,94.5,1.308,5.074
exponential,base,L0,2038,14575,14575,370500,355925,0.0,0.0,0.0,97.3,1.289,5.439
exponential,base,L0,2039,14649,14649,394500,379851,0.0,0.0,0.0,100.0,1.27,5.805
exponential,base,L0,2040,14715,14715,418500,403785,0.0,0.0,0.0,102.7,1.25,6.171
exponential,base,L1,2026,9987,11502,123000,113013,79.2,5.06,0.0,34.8,0.501,1.727
exponential,base,L1,2027,10552,12454,132000,121448,63.4,3.51,0.0,41.7,0.691,1.856
exponential,base,L1,2028,11148,13451,142500,131352,45.3,1.6,0.0,49.2,0.887,2.007
exponential,base,L1,2029,11778,14592,159000,147222,24.8,0.0,0.0,56.7,1.088,2.25
exponential,base,L1,2030,12444,16115,178500,166056,0.0,0.0,0.0,64.3,1.294,2.538
exponential,base,L1,2031,11216,11216,202500,191284,0.0,0.0,20.0,56.5,1.143,2.923
exponential,base,L1,2032,11324,11324,226500,215176,0.0,0.0,20.0,59.7,1.131,3.288
exponential,base,L1,2033,11426,11426,250500,239074,0.0,0.0,20.0,62.8,1.118,3.654
exponential,base,L1,2034,12044,11521,274500,262456,4.3,0.0,20.0,70.1,1.155,4.011
exponential,base,L1,2035,12725,12173,298500,285775,8.5,0.0,15.45,77.6,1.196,4.367
exponential,base,L1,2036,13444,14400,322500,309056,1.9,0.0,0.0,85.1,1.238,4.723
exponential,base,L1,2037,14204,14492,346500,332296,0.0,0.0,0.0,92.6,1.282,5.078
exponential,base,L1,2038,14575,14575,370500,355925,0.0,0.0,0.0,97.3,1.289,5.439
exponential,base,L1,2039,14649,14649,394500,379851,0.0,0.0,0.0,100.0,1.27,5.805
exponential,base,L1,2040,14715,14715,418500,403785,0.0,0.0,0.0,102.7,1.25,6.171
exponential,base,L2,2026,10195,12033,123000,112805,76.7,9.38,0.0,36.7,0.512,1.724
exponential,base,L2,2027,10771,12863,132000,121229,59.7,6.61,0.0,43.7,0.706,1.853
exponential,base,L2,2028,11380,13726,142500,131120,41.7,3.54,0.0,51.2,0.906,2.004
exponential,base,L2,2029,12023,14639,159000,146977,22.8,0.31,0.0,58.7,1.111,2.246
exponential,base,L2,2030,12703,16115,178500,165797,0.0,0.0,0.0,66.2,1.321,2.534
exponential,base,L2,2031,11216,11216,202500,191284,0.0,0.0,20.0,56.5,1.143,2.923
exponential,base,L2,2032,11324,11324,226500,215176,0.0,0.0,20.0,59.7,1.131,3.288
exponential,base,L2,2033,11426,11426,250500,239074,0.0,0.0,20.0,62.8,1.118,3.654
exponential,base,L2,2034,11744,11521,274500,262756,1.8,0.0,20.0,67.6,1.126,4.016
exponential,base,L2,2035,12408,11609,298500,286092,8.2,0.0,20.0,75.2,1.166,4.372
exponential,base,L2,2036,13109,13651,322500,309391,4.3,0.0,5.12,82.7,1.207,4.728
exponential,base,L2,2037,13851,14492,346500,332649,0.0,0.0,0.0,90.2,1.25,5.084
exponential,base,L2,2038,14575,14575,370500,355925,0.0,0.0,0.0,97.3,1.289,5.439
exponential,base,L2,2039,14649,14649,394500,379851,0.0,0.0,0.0,100.0,1.27,5.805
exponential,base,L2,2040,14715,14715,418500,403785,0.0,0.0,0.0,102.7,1.25,6.171
exponential,base,L3,2026,10492,12747,123000,112508,73.7,14.91,0.0,39.2,0.527,1.719
exponential,base,L3,2027,11085,13395,132000,120915,55.5,10.49,0.0,46.4,0.726,1.848
exponential,base,L3,2028,11712,14102,142500,130788,37.7,6.13,0.0,54.0,0.932,1.999
exponential,base,L3,2029,12374,14877,159000,146626,20.1,1.86,0.0,61.5,1.144,2.241
exponential,base,L3,2030,13074,16115,178500,165426,0.0,0.0,0.0,69.0,1.359,2.528
exponential,base,L3,2031,11216,11216,202500,191284,0.0,0.0,20.0,56.5,1.143,2.923
exponential,base,L3,2032,11324,11324,226500,215176,0.0,0.0,20.0,59.7,1.131,3.288
exponential,base,L3,2033,11426,11426,250500,239074,0.0,0.0,20.0,62.8,1.118,3.654
exponential,base,L3,2034,11521,11521,274500,262979,0.0,0.0,20.0,65.8,1.105,4.019
exponential,base,L3,2035,12023,11609,298500,286477,3.4,0.0,20.0,72.1,1.13,4.378
exponential,base,L3,2036,12702,11853,322500,309798,10.0,0.0,18.67,79.6,1.17,4.735
exponential,base,L3,2037,13421,14492,346500,333079,2.6,0.0,0.0,87.2,1.211,5.09
exponential,base,L3,2038,14179,14575,370500,356321,0.0,0.0,0.0,94.7,1.254,5.446
exponential,base,L3,2039,14649,14649,394500,379851,0.0,0.0,0.0,100.0,1.27,5.805
exponential,base,L3,2040,14715,14715,418500,403785,0.0,0.0,0.0,102.7,1.25,6.171
exponential,base,L3C,2026,10492,12747,123000,112508,73.7,14.91,0.0,39.2,0.527,1.719
exponential,base,L3C,2027,11085,13395,132000,120915,55.5,10.49,0.0,46.4,0.726,1.848
exponential,base,L3C,2028,11712,14102,142500,130788,37.7,6.13,0.0,54.0,0.932,1.999
exponential,base,L3C,2029,12374,14877,159000,146626,20.1,1.86,0.0,61.5,1.144,2.241
exponential,base,L3C,2030,13074,16115,178500,165426,0.0,0.0,0.0,69.0,1.359,2.528
exponential,base,L3C,2031,11216,11216,202500,191284,0.0,0.0,20.0,56.5,1.143,2.923
exponential,base,L3C,2032,11324,11324,226500,215176,0.0,0.0,20.0,59.7,1.131,3.288
exponential,base,L3C,2033,11654,11426,250500,238846,1.9,0.0,20.0,64.7,1.14,3.65
exponential,base,L3C,2034,12313,11521,274500,262187,8.3,0.0,20.0,72.2,1.181,4.007
exponential,base,L3C,2035,13009,13534,298500,285491,4.5,0.0,5.28,79.7,1.223,4.363
exponential,base,L3C,2036,13744,14400,322500,308756,0.0,0.0,0.0,87.2,1.266,4.719
exponential,base,L3C,2037,14492,14492,346500,332008,0.0,0.0,0.0,94.5,1.308,5.074
exponential,base,L3C,2038,14575,14575,370500,355925,0.0,0.0,0.0,97.3,1.289,5.439
exponential,base,L3C,2039,14649,14649,394500,379851,0.0,0.0,0.0,100.0,1.27,5.805
exponential,base,L3C,2040,14715,14715,418500,403785,0.0,0.0,0.0,102.7,1.25,6.171
exponential,base,L4,2026,10590,12908,123000,112410,73.3,16.11,0.0,40.0,0.532,1.718
exponential,base,L4,2027,11189,13550,132000,120811,54.9,11.6,0.0,47.3,0.733,1.846
exponential,base,L4,2028,11821,14258,142500,130679,37.0,7.19,0.0,54.9,0.941,1.997
exponential,base,L4,2029,12489,15036,159000,146511,19.2,2.87,0.0,62.4,1.154,2.239
exponential,base,L4,2030,13196,16115,178500,165304,0.0,0.0,0.0,69.9,1.372,2.526
exponential,base,L4,2031,11216,11216,202500,191284,0.0,0.0,20.0,56.5,1.143,2.923
exponential,base,L4,2032,11324,11324,226500,215176,0.0,0.0,20.0,59.7,1.131,3.288
exponential,base,L4,2033,11426,11426,250500,239074,0.0,0.0,20.0,62.8,1.118,3.654
exponential,base,L4,2034,11773,11521,274500,262727,2.1,0.0,20.0,67.9,1.129,4.015
exponential,base,L4,2035,12439,11609,298500,286061,8.7,0.0,20.0,75.4,1.169,4.372
exponential,base,L4,2036,13142,13788,322500,309358,4.1,0.0,4.17,82.9,1.21,4.728
exponential,base,L4,2037,13885,14492,346500,332615,0.0,0.0,0.0,90.4,1.253,5.083
exponential,base,L4,2038,14575,14575,370500,355925,0.0,0.0,0.0,97.3,1.289,5.439
exponential,base,L4,2039,14649,14649,394500,379851,0.0,0.0,0.0,100.0,1.27,5.805
exponential,base,L4,2040,14715,14715,418500,403785,0.0,0.0,0.0,102.7,1.25,6.171
exponential,base,L_EU,2026,10461,13741,123000,112539,66.2,22.11,0.0,38.9,0.525,1.72
exponential,base,L_EU,2027,11053,14172,132000,120947,42.4,15.9,0.0,46.2,0.724,1.848
exponential,base,L_EU,2028,11678,13229,142500,130822,30.4,0.0,0.0,53.7,0.93,1.999
exponential,base,L_EU,2029,12338,14592,159000,146662,14.3,0.0,0.0,61.2,1.14,2.241
exponential,base,L_EU,2030,13036,15138,178500,165464,0.0,0.0,6.0,68.7,1.355,2.529
exponential,base,L_EU,2031,12978,12978,202500,189522,0.0,0.0,6.0,70.5,1.322,2.896
exponential,base,L_EU,2032,13104,13104,226500,213396,0.0,0.0,6.0,73.7,1.308,3.261
exponential,base,L_EU,2033,13396,13360,250500,237104,0.3,0.0,5.0,78.0,1.311,3.624
exponential,base,L_EU,2034,14153,14192,274500,260347,0.0,0.0,0.0,85.5,1.357,3.979
exponential,base,L_EU,2035,14300,14300,298500,284200,0.0,0.0,0.0,88.8,1.344,4.343
exponential,base,L_EU,2036,14400,14400,322500,308100,0.0,0.0,0.0,91.7,1.326,4.709
exponential,base,L_EU,2037,14492,14492,346500,332008,0.0,0.0,0.0,94.5,1.308,5.074
exponential,base,L_EU,2038,14575,14575,370500,355925,0.0,0.0,0.0,97.3,1.289,5.439
exponential,base,L_EU,2039,14649,14649,394500,379851,0.0,0.0,0.0,100.0,1.27,5.805
exponential,base,L_EU,2040,14715,14715,418500,403785,0.0,0.0,0.0,102.7,1.25,6.171
exponential,base,L_C,2026,9911,10912,123000,113089,83.6,0.0,0.0,34.2,0.497,1.728
exponential,base,L_C,2027,10471,12007,132000,121529,70.6,0.0,0.0,41.1,0.686,1.857
exponential,base,L_C,2028,11063,13228,142500,131437,53.4,0.0,0.0,48.5,0.881,2.009
exponential,base,L_C,2029,11689,14592,159000,147311,32.2,0.0,0.0,56.0,1.08,2.251
exponential,base,L_C,2030,12350,16115,178500,166150,6.6,0.0,0.0,63.5,1.284,2.539
exponential,base,L_C,2031,13048,13816,202500,189452,1.1,0.0,0.0,71.0,1.329,2.895
exponential,base,L_C,2032,13786,13949,226500,212714,0.0,0.0,0.0,78.5,1.376,3.251
exponential,base,L_C,2033,14075,14075,250500,236425,0.0,0.0,0.0,82.8,1.377,3.613
exponential,base,L_C,2034,14192,14192,274500,260308,0.0,0.0,0.0,85.8,1.361,3.978
exponential,base,L_C,2035,14300,14300,298500,284200,0.0,0.0,0.0,88.8,1.344,4.343
exponential,base,L_C,2036,14400,14400,322500,308100,0.0,0.0,0.0,91.7,1.326,4.709
exponential,base,L_C,2037,14492,14492,346500,332008,0.0,0.0,0.0,94.5,1.308,5.074
exponential,base,L_C,2038,14575,14575,370500,355925,0.0,0.0,0.0,97.3,1.289,5.439
exponential,base,L_C,2039,14649,14649,394500,379851,0.0,0.0,0.0,100.0,1.27,5.805
exponential,base,L_C,2040,14715,14715,418500,403785,0.0,0.0,0.0,102.7,1.25,6.171
exponential,base,L_QB,2026,10734,10912,123000,112266,90.6,0.0,0.0,41.2,0.539,1.716
exponential,base,L_QB,2027,11341,12007,132000,120659,85.1,0.0,0.0,48.6,0.743,1.844
exponential,base,L_QB,2028,11982,13228,142500,130518,75.7,0.0,0.0,56.2,0.954,1.995
exponential,base,L_QB,2029,12660,14592,159000,146340,62.0,0.0,0.0,63.7,1.17,2.236
exponential,base,L_QB,2030,13376,16115,178500,165124,44.2,0.0,0.0,71.2,1.391,2.524
exponential,base,L_QB,2031,14132,13816,202500,188368,46.3,0.0,0.0,78.7,1.44,2.879
exponential,base,L_QB,2032,14931,13949,226500,211569,52.9,0.0,0.0,86.2,1.491,3.233
exponential,base,L_QB,2033,15775,14075,250500,234725,63.8,0.0,0.0,93.7,1.544,3.587
exponential,base,L_QB,2034,16667,14192,274500,257833,79.2,0.0,0.0,101.2,1.598,3.94
exponential,base,L_QB,2035,17610,23339,298500,280890,52.2,46.99,0.0,108.7,1.655,4.293
exponential,base,L_QB,2036,18605,23273,322500,303895,30.7,46.05,0.0,116.2,1.713,4.644
exponential,base,L_QB,2037,19657,23198,346500,326843,14.8,45.13,0.0,123.8,1.774,4.995
exponential,base,L_QB,2038,20769,23112,370500,349731,4.6,44.22,0.0,131.3,1.837,5.345
exponential,base,L_QB,2039,21943,23017,394500,372557,0.0,43.34,0.0,138.8,1.902,5.694
exponential,base,L_QB,2040,22912,22912,418500,395588,0.0,42.47,0.0,145.2,1.946,6.046
exponential,middle,L0,2026,9553,8860,123000,113447,98.7,0.0,0.0,30.9,0.479,1.734
exponential,middle,L0,2027,10093,10051,132000,121907,99.1,0.0,0.0,38.8,0.7,1.863
exponential,middle,L0,2028,10664,11304,142500,131836,93.5,0.0,0.0,47.0,0.926,2.015
exponential,middle,L0,2029,11267,12553,159000,147733,83.2,0.0,0.0,55.5,1.158,2.258
exponential,middle,L0,2030,11904,13956,178500,166596,67.9,0.0,0.0,64.0,1.394,2.546
exponential,middle,L0,2031,12577,14593,202500,189923,53.6,0.0,0.0,72.6,1.517,2.903
exponential,middle,L0,2032,13288,15275,226500,213212,40.3,0.0,0.0,81.1,1.644,3.258
exponential,middle,L0,2033,14039,15841,250500,236461,28.7,0.0,0.0,89.6,1.779,3.614
exponential,middle,L0,2034,14833,16446,274500,259667,18.8,0.0,0.0,98.1,1.917,3.968
exponential,middle,L0,2035,15672,17092,298500,282828,10.5,0.0,0.0,106.7,2.059,4.322
exponential,middle,L0,2036,16558,17597,322500,305942,4.6,0.0,0.0,115.2,2.21,4.676
exponential,middle,L0,2037,17494,18136,346500,329006,1.2,0.0,0.0,123.7,2.315,5.028
exponential,middle,L0,2038,18483,18709,370500,352017,0.0,0.0,0.0,132.2,2.42,5.38
exponential,middle,L0,2039,19318,19318,394500,375182,0.0,0.0,0.0,139.7,2.499,5.734
exponential,middle,L0,2040,19759,19759,418500,398741,0.0,0.0,0.0,145.1,2.53,6.094
exponential,middle,L1,2026,10141,11518,123000,112859,80.4,5.06,0.0,36.2,0.509,1.725
exponential,middle,L1,2027,10715,12610,132000,121285,64.8,3.65,0.0,44.2,0.744,1.854
exponential,middle,L1,2028,11321,13754,142500,131179,46.2,1.78,0.0,52.7,0.983,2.005
exponential,middle,L1,2029,11961,14885,159000,147039,25.2,0.0,0.0,61.2,1.23,2.247
exponential,middle,L1,2030,12637,16429,178500,165863,0.0,0.0,0.0,69.8,1.48,2.535
exponential,middle,L1,2031,12163,11847,202500,190337,2.5,0.0,20.0,69.3,1.467,2.909
exponential,middle,L1,2032,12851,12401,226500,213649,5.9,0.0,20.0,77.9,1.59,3.265
exponential,middle,L1,2033,13577,12860,250500,236923,11.1,0.0,20.0,86.4,1.72,3.621
exponential,middle,L1,2034,14345,13351,274500,260155,18.0,0.0,20.0,94.9,1.854,3.976
exponential,middle,L1,2035,15156,17081,298500,283344,6.6,0.0,0.06,103.4,1.991,4.33
exponential,middle,L1,2036,16013,14948,322500,306487,13.2,0.0,15.65,112.0,2.138,4.684
exponential,middle,L1,2037,16918,18124,346500,329582,6.5,0.0,0.06,120.5,2.238,5.037
exponential,middle,L1,2038,17875,18709,370500,352625,2.2,0.0,0.0,129.0,2.34,5.389
exponential,middle,L1,2039,18885,19318,394500,375615,0.0,0.0,0.0,137.5,2.443,5.74
exponential,middle,L1,2040,19759,19759,418500,398741,0.0,0.0,0.0,145.1,2.53,6.094
exponential,middle,L2,2026,10359,12050,123000,112641,78.0,9.38,0.0,38.1,0.52,1.721
exponential,middle,L2,2027,10945,13035,132000,121055,61.2,6.84,0.0,46.2,0.76,1.85
exponential,middle,L2,2028,11564,14050,142500,130936,42.5,3.82,0.0,54.8,1.004,2.001
exponential,middle,L2,2029,12217,14956,159000,146783,23.1,0.46,0.0,63.3,1.256,2.243
exponential,middle,L2,2030,12908,16429,178500,165592,0.0,0.0,0.0,71.8,1.512,2.531
exponential,middle,L2,2031,12025,11847,202500,190475,1.4,0.0,20.0,68.3,1.451,2.911
exponential,middle,L2,2032,12705,12401,226500,213795,3.8,0.0,20.0,76.8,1.572,3.267
exponential,middle,L2,2033,13423,12860,250500,237077,7.9,0.0,20.0,85.3,1.7,3.623
exponential,middle,L2,2034,14182,13351,274500,260318,13.7,0.0,20.0,93.8,1.833,3.978
exponential,middle,L2,2035,14984,13876,298500,283516,21.0,0.0,20.0,102.3,1.969,4.333
exponential,middle,L2,2036,15831,17595,322500,306669,10.9,0.0,0.01,110.9,2.113,4.687
exponential,middle,L2,2037,16726,17077,346500,329774,8.9,0.0,5.77,119.4,2.213,5.04
exponential,middle,L2,2038,17672,18709,370500,352828,3.4,0.0,0.0,127.9,2.314,5.392
exponential,middle,L2,2039,18671,19318,394500,375829,0.2,0.0,0.0,136.4,2.415,5.744
exponential,middle,L2,2040,19727,19759,418500,398773,0.0,0.0,0.0,145.0,2.525,6.094
exponential,middle,L3,2026,10666,12765,123000,112334,75.0,14.91,0.0,40.6,0.535,1.717
exponential,middle,L3,2027,11269,13586,132000,120731,57.1,10.81,0.0,49.0,0.782,1.845
exponential,middle,L3,2028,11906,14448,142500,130594,38.5,6.5,0.0,57.6,1.034,1.996
exponential,middle,L3,2029,12579,15205,159000,146421,20.3,2.05,0.0,66.1,1.293,2.238
exponential,middle,L3,2030,13291,16430,178500,165209,0.0,0.0,0.0,74.6,1.557,2.525
exponential,middle,L3,2031,11853,11847,202500,190647,0.1,0.0,20.0,66.9,1.43,2.914
exponential,middle,L3,2032,12524,12401,226500,213976,1.0,0.0,20.0,75.4,1.549,3.27
exponential,middle,L3,2033,13232,12860,250500,237268,3.7,0.0,20.0,83.9,1.676,3.626
exponential,middle,L3,2034,13980,13351,274500,260520,8.1,0.0,20.0,92.4,1.807,3.981
exponential,middle,L3,2035,14770,13876,298500,283730,14.1,0.0,20.0,101.0,1.941,4.336
exponential,middle,L3,2036,15605,14353,322500,306895,22.2,0.0,19.54,109.5,2.083,4.69
exponential,middle,L3,2037,16488,18135,346500,330012,13.0,0.0,0.0,118.0,2.181,5.043
exponential,middle,L3,2038,17420,18709,370500,353080,6.2,0.0,0.0,126.5,2.281,5.396
exponential,middle,L3,2039,18405,19318,394500,376095,1.5,0.0,0.0,135.1,2.381,5.748
exponential,middle,L3,2040,19446,19759,418500,399054,0.0,0.0,0.0,143.6,2.489,6.099
exponential,middle,L3C,2026,10666,12765,123000,112334,75.0,14.91,0.0,40.6,0.535,1.717
exponential,middle,L3C,2027,11269,13586,132000,120731,57.1,10.81,0.0,49.0,0.782,1.845
exponential,middle,L3C,2028,11906,14448,142500,130594,38.5,6.5,0.0,57.6,1.034,1.996
exponential,middle,L3C,2029,12579,15205,159000,146421,20.3,2.05,0.0,66.1,1.293,2.238
exponential,middle,L3C,2030,13291,16430,178500,165209,0.0,0.0,0.0,74.6,1.557,2.525
exponential,middle,L3C,2031,12311,11847,202500,190189,3.7,0.0,20.0,70.5,1.485,2.907
exponential,middle,L3C,2032,13008,12401,226500,213492,8.3,0.0,20.0,79.0,1.609,3.263
exponential,middle,L3C,2033,13743,12860,250500,236757,14.6,0.0,20.0,87.6,1.741,3.618
exponential,middle,L3C,2034,14520,13351,274500,259980,22.7,0.0,20.0,96.1,1.877,3.973
exponential,middle,L3C,2035,15341,17092,298500,283159,12.3,0.0,0.0,104.6,2.016,4.327
exponential,middle,L3C,2036,16208,16655,322500,306292,9.7,0.0,5.28,113.1,2.164,4.681
exponential,middle,L3C,2037,17125,18136,346500,329375,4.2,0.0,0.0,121.7,2.266,5.034
exponential,middle,L3C,2038,18093,18709,370500,352407,1.0,0.0,0.0,130.2,2.369,5.386
exponential,middle,L3C,2039,19116,19318,394500,375384,0.0,0.0,0.0,138.7,2.473,5.737
exponential,middle,L3C,2040,19759,19759,418500,398741,0.0,0.0,0.0,145.1,2.53,6.094
exponential,middle,L4,2026,10766,12926,123000,112234,74.6,16.11,0.0,41.4,0.54,1.715
exponential,middle,L4,2027,11374,13744,132000,120626,56.5,11.91,0.0,49.9,0.789,1.843
exponential,middle,L4,2028,12017,14608,142500,130483,37.8,7.56,0.0,58.5,1.044,1.994
exponential,middle,L4,2029,12697,15367,159000,146303,19.4,3.06,0.0,67.0,1.305,2.236
exponential,middle,L4,2030,13415,16430,178500,165085,0.0,0.0,0.0,75.5,1.571,2.523
exponential,middle,L4,2031,12040,11847,202500,190460,1.5,0.0,20.0,68.4,1.452,2.911
exponential,middle,L4,2032,12720,12401,226500,213780,4.0,0.0,20.0,76.9,1.574,3.267
exponential,middle,L4,2033,13439,12860,250500,237061,8.2,0.0,20.0,85.4,1.703,3.623
exponential,middle,L4,2034,14199,13351,274500,260301,14.1,0.0,20.0,93.9,1.835,3.978
exponential,middle,L4,2035,15002,13876,298500,283498,21.6,0.0,20.0,102.5,1.971,4.333
exponential,middle,L4,2036,15850,17596,322500,306650,11.6,0.0,0.01,111.0,2.116,4.686
exponential,middle,L4,2037,16747,17287,346500,329753,8.5,0.0,4.6,119.5,2.216,5.039
exponential,middle,L4,2038,17693,18709,370500,352807,3.2,0.0,0.0,128.0,2.317,5.392
exponential,middle,L4,2039,18694,19318,394500,375806,0.0,0.0,0.0,136.6,2.418,5.743
exponential,middle,L4,2040,19751,19759,418500,398749,0.0,0.0,0.0,145.1,2.528,6.094
exponential,middle,L_EU,2026,10622,13760,123000,112378,67.4,22.11,0.0,40.3,0.533,1.717
exponential,middle,L_EU,2027,11222,14370,132000,120778,43.7,16.19,0.0,48.6,0.779,1.846
exponential,middle,L_EU,2028,11857,13501,142500,130643,31.3,0.0,0.0,57.2,1.03,1.997
exponential,middle,L_EU,2029,12527,14885,159000,146473,14.7,0.0,0.0,65.7,1.288,2.238
exponential,middle,L_EU,2030,13236,15433,178500,165264,0.0,0.0,6.0,74.2,1.55,2.526
exponential,middle,L_EU,2031,13708,13708,202500,188792,0.0,0.0,6.0,80.8,1.654,2.885
exponential,middle,L_EU,2032,14451,14349,226500,212049,0.7,0.0,6.0,89.1,1.788,3.241
exponential,middle,L_EU,2033,15268,15037,250500,235232,2.1,0.0,5.0,97.6,1.934,3.595
exponential,middle,L_EU,2034,16131,16446,274500,258369,0.3,0.0,0.0,106.2,2.085,3.949
exponential,middle,L_EU,2035,17043,17092,298500,281457,0.0,0.0,0.0,114.7,2.239,4.301
exponential,middle,L_EU,2036,17597,17597,322500,304903,0.0,0.0,0.0,121.0,2.349,4.66
exponential,middle,L_EU,2037,18136,18136,346500,328364,0.0,0.0,0.0,127.2,2.399,5.018
exponential,middle,L_EU,2038,18709,18709,370500,351791,0.0,0.0,0.0,133.4,2.45,5.376
exponential,middle,L_EU,2039,19318,19318,394500,375182,0.0,0.0,0.0,139.7,2.499,5.734
exponential,middle,L_EU,2040,19759,19759,418500,398741,0.0,0.0,0.0,145.1,2.53,6.094
exponential,middle,L_C,2026,10338,10927,123000,112662,87.2,0.0,0.0,37.9,0.519,1.722
exponential,middle,L_C,2027,10923,12138,132000,121077,77.1,0.0,0.0,46.0,0.758,1.85
exponential,middle,L_C,2028,11540,13501,142500,130960,62.0,0.0,0.0,54.6,1.002,2.001
exponential,middle,L_C,2029,12193,14885,159000,146807,42.9,0.0,0.0,63.1,1.254,2.244
exponential,middle,L_C,2030,12882,16429,178500,165618,19.6,0.0,0.0,71.6,1.509,2.531
exponential,middle,L_C,2031,13611,14593,202500,188889,12.9,0.0,0.0,80.1,1.642,2.887
exponential,middle,L_C,2032,14380,15275,226500,212120,7.1,0.0,0.0,88.7,1.779,3.242
exponential,middle,L_C,2033,15193,15841,250500,235307,3.1,0.0,0.0,97.2,1.925,3.596
exponential,middle,L_C,2034,16052,16446,274500,258448,0.7,0.0,0.0,105.7,2.075,3.95
exponential,middle,L_C,2035,16960,17092,298500,281540,0.0,0.0,0.0,114.2,2.228,4.303
exponential,middle,L_C,2036,17597,17597,322500,304903,0.0,0.0,0.0,121.0,2.349,4.66
exponential,middle,L_C,2037,18136,18136,346500,328364,0.0,0.0,0.0,127.2,2.399,5.018
exponential,middle,L_C,2038,18709,18709,370500,351791,0.0,0.0,0.0,133.4,2.45,5.376
exponential,middle,L_C,2039,19318,19318,394500,375182,0.0,0.0,0.0,139.7,2.499,5.734
exponential,middle,L_C,2040,19759,19759,418500,398741,0.0,0.0,0.0,145.1,2.53,6.094
exponential,middle,L_QB,2026,13282,10927,123000,109718,110.9,0.0,0.0,61.6,0.667,1.677
exponential,middle,L_QB,2027,14033,12138,132000,117967,124.8,0.0,0.0,70.1,0.974,1.803
exponential,middle,L_QB,2028,14826,13501,142500,127674,133.8,0.0,0.0,78.6,1.288,1.951
exponential,middle,L_QB,2029,15665,14885,159000,143335,138.7,0.0,0.0,87.1,1.611,2.191
exponential,middle,L_QB,2030,16550,16429,178500,161950,139.4,0.0,0.0,95.6,1.938,2.475
exponential,middle,L_QB,2031,17486,14593,202500,185014,156.7,0.0,0.0,104.2,2.11,2.827
exponential,middle,L_QB,2032,18475,15275,226500,208025,174.9,0.0,0.0,112.7,2.286,3.179
exponential,middle,L_QB,2033,19519,15841,250500,230981,195.0,0.0,0.0,121.2,2.473,3.53
exponential,middle,L_QB,2034,20623,16446,274500,253877,216.7,0.0,0.0,129.7,2.665,3.88
exponential,middle,L_QB,2035,21789,33903,298500,276711,174.3,65.69,0.0,138.3,2.863,4.229
exponential,middle,L_QB,2036,23021,35291,322500,299479,133.3,66.75,0.0,146.8,3.073,4.577
exponential,middle,L_QB,2037,24323,36145,346500,322177,95.3,66.15,0.0,155.3,3.218,4.924
exponential,middle,L_QB,2038,25698,37020,370500,344802,60.3,65.46,0.0,163.8,3.365,5.269
exponential,middle,L_QB,2039,27151,39900,394500,367349,28.3,64.68,0.0,172.4,3.512,5.614
exponential,middle,L_QB,2040,28686,50053,418500,389814,0.0,64.01,0.0,180.9,3.672,5.957
exponential,ideal,L0,2026,15129,8860,123000,107871,141.8,0.0,0.0,74.0,0.192,1.649
exponential,ideal,L0,2027,15984,11065,132000,116016,177.1,0.0,0.0,83.7,0.381,1.773
exponential,ideal,L0,2028,16888,13463,142500,125612,198.9,0.0,0.0,93.3,0.757,1.92
exponential,ideal,L0,2029,17843,16574,159000,141157,205.9,0.0,0.0,103.0,1.678,2.157
exponential,ideal,L0,2030,18852,20215,178500,159648,199.2,0.0,0.0,112.6,3.557,2.44
exponential,ideal,L0,2031,19917,22240,202500,182583,188.7,0.0,0.0,122.2,4.495,2.79
exponential,ideal,L0,2032,21044,24242,226500,205456,175.1,0.0,0.0,131.9,5.444,3.14
exponential,ideal,L0,2033,22233,26454,250500,228267,158.4,0.0,0.0,141.5,6.386,3.489
exponential,ideal,L0,2034,23490,28899,274500,251010,138.5,0.0,0.0,151.2,7.423,3.836
exponential,ideal,L0,2035,24819,31275,298500,273681,116.4,0.0,0.0,160.8,7.421,4.183
exponential,ideal,L0,2036,26222,33182,322500,296278,93.8,0.0,0.0,170.4,7.447,4.528
exponential,ideal,L0,2037,27705,38172,346500,318795,71.7,0.0,0.0,180.1,7.48,4.872
exponential,ideal,L0,2038,29271,362487,370500,341229,51.0,0.0,0.0,189.7,7.523,5.215
exponential,ideal,L0,2039,30926,391317,394500,363574,27.3,0.0,0.0,194.9,7.546,5.556
exponential,ideal,L0,2040,32674,416843,418500,385826,0.0,0.0,0.0,198.9,7.58,5.896
exponential,ideal,L1,2026,17357,11617,123000,105643,130.7,5.06,0.0,87.2,0.22,1.615
exponential,ideal,L1,2027,18338,14792,132000,113662,151.3,9.68,0.0,96.9,0.437,1.737
exponential,ideal,L1,2028,19375,18257,142500,123125,157.0,12.15,0.0,106.5,0.868,1.882
exponential,ideal,L1,2029,20470,22368,159000,138530,148.5,12.84,0.0,116.1,1.925,2.117
exponential,ideal,L1,2030,21628,26684,178500,156872,128.3,11.82,0.0,125.8,4.08,2.397
exponential,ideal,L1,2031,22851,24530,202500,179649,121.5,9.4,0.0,135.4,5.157,2.746
exponential,ideal,L1,2032,24143,26511,226500,202357,112.5,8.58,0.0,145.1,6.246,3.093
exponential,ideal,L1,2033,25508,28607,250500,224992,101.5,7.5,0.0,154.7,7.327,3.438
exponential,ideal,L1,2034,26950,30823,274500,247550,88.6,6.18,0.0,164.3,8.516,3.783
exponential,ideal,L1,2035,28474,32824,298500,270026,75.0,4.64,0.0,174.0,8.514,4.127
exponential,ideal,L1,2036,30084,34456,322500,292416,62.6,3.0,0.0,183.6,8.544,4.469
exponential,ideal,L1,2037,31784,39422,346500,314716,52.2,1.51,0.0,193.3,8.582,4.81
exponential,ideal,L1,2038,33582,362971,370500,336918,39.0,0.26,0.0,197.5,8.63,5.149
exponential,ideal,L1,2039,35480,391317,394500,359020,21.7,0.0,0.0,201.4,8.657,5.487
exponential,ideal,L1,2040,37486,416843,418500,381014,0.0,0.0,0.0,204.4,8.697,5.823
exponential,ideal,L2,2026,18152,12153,123000,104848,130.6,9.38,0.0,91.5,0.23,1.602
exponential,ideal,L2,2027,19178,15852,132000,112822,148.9,16.31,0.0,101.2,0.457,1.724
exponential,ideal,L2,2028,20263,19732,142500,122237,151.4,19.6,0.0,110.8,0.908,1.868
exponential,ideal,L2,2029,21408,24117,159000,137592,140.0,20.06,0.0,120.4,2.013,2.103
exponential,ideal,L2,2030,22619,28461,178500,155881,118.0,18.0,0.0,130.1,4.267,2.382
exponential,ideal,L2,2031,23898,25744,202500,178602,110.8,14.03,0.0,139.7,5.394,2.73
exponential,ideal,L2,2032,25249,27688,226500,201251,102.0,12.75,0.0,149.4,6.532,3.076
exponential,ideal,L2,2033,26677,29717,250500,223823,91.6,11.16,0.0,159.0,7.663,3.421
exponential,ideal,L2,2034,28185,31838,274500,246315,79.9,9.29,0.0,168.6,8.906,3.764
exponential,ideal,L2,2035,29778,33709,298500,268722,68.1,7.19,0.0,178.3,8.904,4.107
exponential,ideal,L2,2036,31462,35993,322500,291038,57.9,5.05,0.0,187.9,8.935,4.448
exponential,ideal,L2,2037,33241,40897,346500,313259,48.2,3.22,0.0,195.7,8.975,4.787
exponential,ideal,L2,2038,35121,364375,370500,335379,35.9,1.47,0.0,199.6,9.026,5.125
exponential,ideal,L2,2039,37106,391317,394500,357394,20.7,0.0,0.0,203.5,9.054,5.462
exponential,ideal,L2,2040,39204,416843,418500,379296,0.0,0.0,0.0,205.4,9.095,5.797
exponential,ideal,L3,2026,19183,12874,123000,103817,130.4,14.91,0.0,96.8,0.243,1.587
exponential,ideal,L3,2027,20268,17191,132000,111732,146.2,24.09,0.0,106.5,0.483,1.708
exponential,ideal,L3,2028,21414,21511,142500,121086,145.7,27.88,0.0,116.1,0.959,1.851
exponential,ideal,L3,2029,22624,26138,159000,136376,131.9,27.78,0.0,125.7,2.128,2.084
exponential,ideal,L3,2030,23904,30442,178500,154596,108.7,24.46,0.0,135.4,4.51,2.363
exponential,ideal,L3,2031,25255,27081,202500,177245,102.0,18.89,0.0,145.0,5.7,2.709
exponential,ideal,L3,2032,26683,29029,226500,199817,93.9,17.28,0.0,154.7,6.903,3.054
exponential,ideal,L3,2033,28192,31043,250500,222308,84.7,15.34,0.0,164.3,8.098,3.397
exponential,ideal,L3,2034,29786,33137,274500,244714,74.5,13.13,0.0,173.9,9.412,3.74
exponential,ideal,L3,2035,31470,34956,298500,267030,64.4,10.67,0.0,183.6,9.41,4.081
exponential,ideal,L3,2036,33249,38538,322500,289251,56.3,8.25,0.0,193.2,9.443,4.421
exponential,ideal,L3,2037,35129,46940,346500,311371,46.1,6.32,0.0,198.3,9.485,4.759
exponential,ideal,L3,2038,37115,365828,370500,333385,34.0,3.87,0.0,202.2,9.539,5.095
exponential,ideal,L3,2039,39214,391558,394500,355286,19.5,0.97,0.0,205.1,9.568,5.43
exponential,ideal,L3,2040,41431,416843,418500,377069,0.0,0.0,0.0,206.7,9.612,5.763
exponential,ideal,L3C,2026,19183,12874,123000,103817,130.4,14.91,0.0,96.8,0.243,1.587
exponential,ideal,L3C,2027,20268,17191,132000,111732,146.2,24.09,0.0,106.5,0.483,1.708
exponential,ideal,L3C,2028,21414,21511,142500,121086,145.7,27.88,0.0,116.1,0.959,1.851
exponential,ideal,L3C,2029,22624,26138,159000,136376,131.9,27.78,0.0,125.7,2.128,2.084
exponential,ideal,L3C,2030,23904,30442,178500,154596,108.7,24.46,0.0,135.4,4.51,2.363
exponential,ideal,L3C,2031,25255,27081,202500,177245,102.0,18.89,0.0,145.0,5.7,2.709
exponential,ideal,L3C,2032,26683,29029,226500,199817,93.9,17.28,0.0,154.7,6.903,3.054
exponential,ideal,L3C,2033,28192,31043,250500,222308,84.7,15.34,0.0,164.3,8.098,3.397
exponential,ideal,L3C,2034,29786,33137,274500,244714,74.5,13.13,0.0,173.9,9.412,3.74
exponential,ideal,L3C,2035,31470,34956,298500,267030,64.4,10.67,0.0,183.6,9.41,4.081
exponential,ideal,L3C,2036,33249,38538,322500,289251,56.3,8.25,0.0,193.2,9.443,4.421
exponential,ideal,L3C,2037,35129,46940,346500,311371,46.1,6.32,0.0,198.3,9.485,4.759
exponential,ideal,L3C,2038,37115,365828,370500,333385,34.0,3.87,0.0,202.2,9.539,5.095
exponential,ideal,L3C,2039,39214,391558,394500,355286,19.5,0.97,0.0,205.1,9.568,5.43
exponential,ideal,L3C,2040,41431,416843,418500,377069,0.0,0.0,0.0,206.7,9.612,5.763
exponential,ideal,L4,2026,19533,13036,123000,103467,130.9,16.11,0.0,98.6,0.248,1.581
exponential,ideal,L4,2027,20638,17431,132000,111362,147.1,25.42,0.0,108.2,0.492,1.702
exponential,ideal,L4,2028,21805,21833,142500,120695,147.0,29.31,0.0,117.8,0.977,1.845
exponential,ideal,L4,2029,23037,26550,159000,135963,133.4,29.28,0.0,127.5,2.167,2.078
exponential,ideal,L4,2030,24340,30940,178500,154160,110.4,26.01,0.0,137.1,4.592,2.356
exponential,ideal,L4,2031,25716,27536,202500,176784,103.8,20.49,0.0,146.7,5.804,2.702
exponential,ideal,L4,2032,27170,29527,226500,199330,95.8,18.92,0.0,156.4,7.029,3.046
exponential,ideal,L4,2033,28706,31584,250500,221794,86.7,17.0,0.0,166.0,8.246,3.39
exponential,ideal,L4,2034,30330,33721,274500,244170,76.5,14.8,0.0,175.7,9.584,3.732
exponential,ideal,L4,2035,32044,35577,298500,266456,66.5,12.36,0.0,185.3,9.581,4.072
exponential,ideal,L4,2036,33856,39961,322500,288644,58.4,9.95,0.0,194.9,9.615,4.411
exponential,ideal,L4,2037,35770,338017,346500,310730,47.4,8.03,0.0,199.1,9.658,4.749
exponential,ideal,L4,2038,37793,366429,370500,332707,34.6,5.37,0.0,203.0,9.713,5.085
exponential,ideal,L4,2039,39930,391865,394500,354570,19.1,2.31,0.0,205.5,9.743,5.419
exponential,ideal,L4,2040,42187,416843,418500,376313,0.0,0.0,0.0,207.0,9.787,5.751
exponential,ideal,L_EU,2026,18639,13878,123000,104361,120.4,22.11,0.0,94.1,0.236,1.595
exponential,ideal,L_EU,2027,19693,18075,132000,112307,128.7,28.9,0.0,103.7,0.47,1.716
exponential,ideal,L_EU,2028,20806,22192,142500,121694,122.5,30.87,0.0,113.3,0.932,1.86
exponential,ideal,L_EU,2029,21983,26581,159000,137017,104.3,29.39,0.0,123.0,2.067,2.094
exponential,ideal,L_EU,2030,23226,30621,178500,155274,77.7,25.02,0.0,132.6,4.382,2.373
exponential,ideal,L_EU,2031,24539,27015,202500,177961,68.5,18.65,0.0,142.3,5.538,2.72
exponential,ideal,L_EU,2032,25926,28776,226500,200574,58.5,16.44,0.0,151.9,6.708,3.065
exponential,ideal,L_EU,2033,27392,29522,250500,223108,51.3,10.52,0.0,161.5,7.868,3.41
exponential,ideal,L_EU,2034,28941,29948,274500,245559,48.1,3.42,0.0,171.2,9.145,3.753
exponential,ideal,L_EU,2035,30577,31326,298500,267923,45.7,0.16,0.0,180.8,9.143,4.095
exponential,ideal,L_EU,2036,32306,33182,322500,290194,43.2,0.0,0.0,190.4,9.175,4.435
exponential,ideal,L_EU,2037,34133,38172,346500,312367,37.9,0.0,0.0,196.9,9.216,4.774
exponential,ideal,L_EU,2038,36063,362487,370500,334437,28.4,0.0,0.0,200.8,9.268,5.111
exponential,ideal,L_EU,2039,38102,391317,394500,356398,14.1,0.0,0.0,204.5,9.297,5.447
exponential,ideal,L_EU,2040,40256,415663,418500,378244,0.0,0.0,6.0,206.0,9.339,5.781
exponential,ideal,L_C,2026,16145,11020,123000,106855,128.8,0.0,0.0,80.3,0.205,1.633
exponential,ideal,L_C,2027,17058,13373,132000,114942,152.1,0.0,0.0,89.9,0.407,1.757
exponential,ideal,L_C,2028,18022,16085,142500,124478,163.0,0.0,0.0,99.6,0.807,1.902
exponential,ideal,L_C,2029,19041,19566,159000,139959,160.4,0.0,0.0,109.2,1.791,2.139
exponential,ideal,L_C,2030,20118,23591,178500,158382,145.1,0.0,0.0,118.8,3.795,2.42
exponential,ideal,L_C,2031,21255,22240,202500,181245,140.8,0.0,0.0,128.5,4.797,2.77
exponential,ideal,L_C,2032,22457,24242,226500,204043,133.4,0.0,0.0,138.1,5.81,3.118
exponential,ideal,L_C,2033,23727,26454,250500,226773,123.0,0.0,0.0,147.8,6.815,3.466
exponential,ideal,L_C,2034,25068,28899,274500,249432,109.4,0.0,0.0,157.4,7.922,3.812
exponential,ideal,L_C,2035,26485,31275,298500,272015,93.4,0.0,0.0,167.0,7.919,4.157
exponential,ideal,L_C,2036,27983,33182,322500,294517,77.1,0.0,0.0,176.7,7.947,4.501
exponential,ideal,L_C,2037,29565,38172,346500,316935,61.2,0.0,0.0,186.3,7.983,4.844
exponential,ideal,L_C,2038,31237,362487,370500,339263,44.9,0.0,0.0,194.1,8.028,5.185
exponential,ideal,L_C,2039,33003,391317,394500,361497,24.2,0.0,0.0,198.0,8.053,5.525
exponential,ideal,L_C,2040,34869,416843,418500,383631,0.0,0.0,0.0,201.9,8.09,5.863
exponential,ideal,L_QB,2026,37145,11020,123000,85855,208.7,0.0,0.0,160.2,0.471,1.312
exponential,ideal,L_QB,2027,39245,13373,132000,92755,312.0,0.0,0.0,169.8,0.936,1.418
exponential,ideal,L_QB,2028,41464,16085,142500,101036,402.8,0.0,0.0,179.5,1.858,1.544
exponential,ideal,L_QB,2029,43808,19566,159000,115192,480.1,0.0,0.0,189.1,4.12,1.76
exponential,ideal,L_QB,2030,46285,23591,178500,132215,544.7,0.0,0.0,198.8,8.732,2.021
exponential,ideal,L_QB,2031,48902,22240,202500,153598,617.6,0.0,0.0,205.6,11.037,2.347
exponential,ideal,L_QB,2032,51667,24242,226500,174833,680.5,0.0,0.0,208.4,13.367,2.672
exponential,ideal,L_QB,2033,54589,26454,250500,195911,731.6,0.0,0.0,209.2,15.68,2.994
exponential,ideal,L_QB,2034,57675,28899,274500,216825,769.9,0.0,0.0,209.4,18.225,3.314
exponential,ideal,L_QB,2035,60936,50000000,298500,237564,646.9,149.5,0.0,209.4,18.22,3.631
exponential,ideal,L_QB,2036,64382,50000000,322500,258118,521.3,142.0,0.0,209.4,18.284,3.945
exponential,ideal,L_QB,2037,68022,50000000,346500,278478,393.5,135.0,0.0,209.4,18.366,4.256
exponential,ideal,L_QB,2038,71868,50000000,370500,298632,264.0,128.5,0.0,209.4,18.47,4.564
exponential,ideal,L_QB,2039,75931,50000000,394500,318569,132.7,122.0,0.0,209.4,18.527,4.869
exponential,ideal,L_QB,2040,80224,50000000,418500,338276,0.0,116.0,0.0,209.4,18.612,5.17
